{"cameraMode":{"drawMode":0,"name":"Shaded","section":"Shading Mode"},"sceneLighting":true,"audioPlay":false,"sceneViewState":{"showFog":true,"showMaterialUpdate":false,"showSkybox":true,"showFlares":true,"showImageEffects":true,"showParticleSystems":true},"in2DMode":false,"pivot":{"x":197.90675354003907,"y":1.3004975318908692,"z":201.43385314941407},"rotation":{"x":-0.14630134403705598,"y":0.8465802073478699,"z":-0.2973819077014923,"w":-0.41648760437965395},"size":77.06680297851563,"orthographic":false}