{"cameraMode":{"drawMode":0,"name":"Shaded","section":"Shading Mode"},"sceneLighting":true,"audioPlay":false,"sceneViewState":{"showFog":true,"showMaterialUpdate":false,"showSkybox":true,"showFlares":true,"showImageEffects":true,"showParticleSystems":true},"in2DMode":false,"pivot":{"x":201.7974090576172,"y":1.2445096969604493,"z":199.92529296875},"rotation":{"x":-0.011999712325632573,"y":0.0014999010600149632,"z":-0.000017999414922087453,"w":-0.9999269247055054},"size":9.810401916503907,"orthographic":false}